{"cameraMode":{"drawMode":0,"name":"Shaded","section":"Shading Mode"},"sceneLighting":false,"audioPlay":false,"sceneViewState":{"m_AlwaysRefresh":false,"showFog":true,"showSkybox":false,"showFlares":true,"showImageEffects":true,"showParticleSystems":true,"showVisualEffectGraphs":true,"m_FxEnabled":true},"in2DMode":false,"pivot":{"x":375.9718017578125,"y":1.0748963356018067,"z":112.36679077148438},"rotation":{"x":0.2616692781448364,"y":-0.03184279054403305,"z":0.008637567982077599,"w":0.9645973443984985},"size":392.4057312011719,"orthographic":false}