{"cameraMode":{"drawMode":0,"name":"Shaded","section":"Shading Mode"},"sceneLighting":false,"audioPlay":false,"sceneViewState":{"m_AlwaysRefresh":false,"showFog":false,"showSkybox":false,"showFlares":false,"showImageEffects":false,"showParticleSystems":false,"showVisualEffectGraphs":true,"m_FxEnabled":true},"in2DMode":false,"pivot":{"x":0.09987002611160279,"y":0.8607605695724487,"z":0.12624576687812806},"rotation":{"x":0.20256541669368745,"y":-0.44318118691444399,"z":0.10353419184684754,"w":0.8670868873596191},"size":1.3645654916763306,"orthographic":false}